layout_id,label,family,heldout_days,heldout_cases,loo_mean_delta_pct,loo_median_of_day_means_pct,loo_ci95_low_pct,loo_ci95_high_pct,loo_lower_day_frac,mean_generalization_gap_pct,modal_selected_strategy,modal_strategy_share,selected_strategy_counts,full_matrix_best_strategy,full_matrix_best_mean_delta_pct,optimism_gap_vs_full_best_pct
ctrl_radial_compact_015,$C_{rad-}$,control,9,27,2.0817262194629342,0.45079729297787924,-0.25666652383818794,4.746860178891054,0.3333333333333333,3.760722024494542,S9-p5,0.7777777777777778,S9-p5:7; S9-p2:1; S9-p0:1,S9-p5,-1.44288582737356,3.524612046836494
ctrl_radial_expand_015,$C_{rad+}$,control,9,27,-1.0669653781244888,-2.0051466586896978,-4.61304967787915,1.9342073662762576,0.6666666666666666,1.383122975257476,visible,0.8888888888888888,visible:8; S9-p0:1,visible,-2.433995629350954,1.3670302512264652
ctrl_ring_wave_012,$C_{wave}$,control,9,27,1.6228784190399317,0.46836904894702336,-0.4494070394638764,4.183608754463334,0.3333333333333333,4.153215945618856,five-point,0.6666666666666666,five-point:6; visible:2; S9-p0:1,five-point,-2.3033582726457618,3.9262366916856934
deform_0276,$L_{opt}$,tsfpda,9,27,2.410092645582096,2.5405103168023673,-1.009209998916361,6.212203671425737,0.4444444444444444,3.74367049856506,five-point,0.7777777777777778,five-point:7; S9-p1:2,five-point,-1.19695958334366,3.607052228925756
deform_0893,$L_{nom}$,tsfpda,9,27,-3.491041106492581,-2.146574740543738,-5.77483426529432,-1.3801605678487427,0.7777777777777778,-1.9737298215558337e-16,S9-p0,1.0,S9-p0:9,S9-p0,-3.4910411064925815,4.440892098500626e-16
deform_1387,$L_{rob}$,tsfpda,9,27,-3.605052345784554,-3.6272735907112064,-5.191449413694039,-1.8941615954335227,0.8888888888888888,-2.9605947323337506e-16,S9-p2,1.0,S9-p2:9,S9-p2,-3.605052345784554,0.0
deform_1822,$L_{ctrl}$,tsfpda,9,27,3.745391049052764,3.5022462352734904,1.2282309706353896,6.961661690991894,0.1111111111111111,5.142704194330346,five-point,0.5555555555555556,five-point:5; S9-p1:3; S9-p0:1,five-point,-0.8778123311453486,4.623203380198113
